first_name,last_name,email,date_of_birth
Richie,Kertzmann,maynard@helleroga.us,11/03/1964
Lashandra,Nitzsche,micha_mohr@dietrich.com,10/23/1976
Laurinda,Jacobs,Jacobs,07/17/1985
Rosie,,elanor_ruecker@runolfsdottir.biz,07/01/1967
Aurelia,Johnston,,10/24/1982
Sherryl,Goldner,,09/19/1972
Chase,Schulist,Schulist,06/04/1967
Erwin,Wehner,,07/21/1979
Chelsie,DuBuque,antoine.williamson@bechtelar.co.uk,10/19/1969
Loura,,courtney_cormier@volkman.co.uk,01/23/1970
,Jones,lillian.marquardt@jacobi.co.uk,10/13/1970
Beverly,Jacobs,bessie@gislason.us,08/22/1966
Victoria,Batz,dawn_rempel@gottlieb.info,13/25/1968
,Lindgren,kelsie.simonis@kihnsimonis.info,07/27/1965
,Hegmann,dominic.kub@barrows.info,06/05/1971
Cherly,Volkman,broderick_harvey@robertshettinger.us,13/07/1960
Therese,Howe,Howe,07/11/1972
Sherika,Wolff,darell@pfannerstill.com,12/15/1971
,Ondricka,Ondricka,01/10/1966
,Gibson,Gibson,05/23/1986
Deedee,Schamberger,cassy.greenfelder@bartoletti.name,02/03/1977
Meg,Kertzmann,aurea@abernathy.info,01/28/1988
Waltraud,Strosin,,10/28/1979
Laurine,Steuber,Steuber,01/21/1964
Mercy,,hiedi@jakubowskipurdy.co.uk,12/26/1981
Lorena,McDermott,syble@welch.us,12/08/1961
,Ziemann,cayla@williamson.us,13/01/1974
,Heidenreich,katherin.bernier@gorczanyreichert.co.uk,13/29/1964
Giuseppe,Ullrich,gabriele@kundenicolas.biz,02/03/1983
Roselle,Roob,stephany@ullrichhauck.co.uk,06/14/1970
Levi,Torp,elda@ullrich.info,13/26/1989
,Hoppe,arleen.wisozk@powlowskiparisian.biz,13/28/1988
Johna,Nolan,pauline@schaden.com,10/23/1965
Sherrie,Luettgen,karry_johnston@purdyklein.ca,10/10/1965
Jackeline,Reynolds,elsie@johnstonkreiger.co.uk,03/11/1974
Pricilla,Gutkowski,berry.west@okongrady.com,06/26/1981
Letisha,Kovacek,luther@wintheiserlarson.info,01/10/1968
Alishia,,odette@carroll.info,11/11/1980
Clara,,,01/05/1973
Oswaldo,Orn,wilber@jerdekulas.com,09/04/1988
Emilia,Funk,amina@nicolas.biz,04/03/1976
Annett,,,05/24/1985
Kyong,,,09/05/1979
Connie,Armstrong,shad@fadel.info,02/23/1985
Marleen,,francesco@hartmannkrajcik.us,07/23/1973
Keneth,Cronin,tonja.batz@brownabbott.biz,04/03/1980
Jae,Reichert,jenniffer.bernier@oberbrunner.ca,03/11/1989
,,tim.daugherty@cole.com,13/06/1966
Marisol,Wehner,linnea.walker@cummerata.co.uk,03/01/1966
,,,09/11/1974
Jefferson,Leannon,etha.feeney@johnston.name,10/04/1960
,Oberbrunner,lura@watersbarton.ca,13/15/1966
,Stiedemann,jermaine@kertzmann.com,05/21/1981
Hettie,Wehner,nguyet@lynch.co.uk,02/18/1960
Ta,VonRueden,VonRueden,13/05/1965
Slyvia,Hackett,louis_dickinson@dietrichlangosh.name,12/07/1988
Shirly,Doyle,marlana@trantowcassin.com,09/14/1966
Lupe,Spencer,brigida@larson.us,04/17/1986
Clayton,Borer,pamela_okuneva@kuphal.co.uk,13/13/1960
Birdie,Davis,marnie_brekke@hoeger.biz,04/25/1970
Chanell,Orn,madeleine.dooley@weberdooley.name,12/26/1987
Genna,,mavis@hayes.ca,01/16/1989
Shelba,Blanda,Blanda,10/12/1975
Shondra,Beahan,Beahan,04/18/1989
,,evelynn.oconnell@weberlemke.us,09/24/1972
Shiela,Treutel,Treutel,04/22/1974
Margot,Ferry,Ferry,03/16/1969
,Walsh,raeann@boylewalsh.com,13/13/1982
,Bayer,carson.fadel@mclaughlin.info,06/10/1961
Shaunte,Reichel,jay_shields@ortizbotsford.ca,08/22/1968
Nicolette,Miller,elisabeth_bauch@goodwin.biz,07/02/1963
Domenic,,chris.homenick@gulgowski.name,07/28/1972
,Collier,,11/12/1986
Georgianna,Moen,roland@quitzon.info,13/31/1962
,Hessel,Hessel,08/24/1962
Sammie,Gutkowski,dominic_lakin@bartolettischowalter.com,13/15/1967
Randee,,,04/29/1971
Phillis,,miesha_nienow@pfannerstill.com,03/07/1961
,Bayer,gena@rolfson.biz,13/05/1980
Chris,McLaughlin,terra.schaden@hartmann.name,13/09/1983
Wyatt,Bogisich,susie@mcclurelittel.com,05/02/1972
Leslee,Ebert,aisha_halvorson@cruickshankhickle.biz,07/25/1983
Mozell,Ferry,kory@schneider.name,07/22/1963
Jestine,Hegmann,jeri.haag@oberbrunner.ca,05/17/1989
France,Veum,Veum,13/02/1982
Corene,,jackie_botsford@littel.info,07/06/1987
,Rath,,09/23/1983
Jamey,Beier,emmitt@mooreadams.us,03/21/1971
Queenie,Pacocha,idell_heaney@dickinson.info,09/29/1960
Hilma,Rau,,02/26/1985
Vonnie,Stracke,Stracke,08/18/1984
,Daniel,beverly@reinger.ca,07/02/1974
Angeline,D'Amore,jules.goodwin@metzosinski.com,06/02/1964
Joey,Oberbrunner,todd_bauch@marvin.us,02/24/1968
Jenise,,sharice@gutmann.co.uk,04/06/1975
,Weissnat,Weissnat,05/17/1970
Jeanene,Rau,Rau,03/19/1970
Ina,Bins,markus@ratke.name,13/10/1986
Charlie,Hilpert,eusebia@mayert.co.uk,01/02/1980
Joesph,Frami,lavonna_hahn@krajcik.us,12/10/1978
Wesley,Veum,Veum,12/15/1986
Hertha,Rolfson,,07/17/1963
Athena,Metz,maryann.mante@kunde.ca,09/08/1979
Bart,,fredrick_witting@kessler.us,02/10/1978
Ewa,Rosenbaum,luke@treutel.name,13/02/1987
Wendy,Wisoky,kari@schumm.com,11/25/1985
Majorie,Harber,laureen@okuneva.com,13/05/1977
Hallie,Weissnat,shandra@dickinsonboyer.com,12/09/1985
Socorro,,maybell.moore@hudsonsmith.name,06/10/1965
Lonny,Shanahan,Shanahan,07/01/1973
Veola,Leannon,shasta_kuphal@schillerlegros.name,07/13/1975
Shonta,Strosin,marsha@boehm.us,05/19/1985
Scottie,Bechtelar,Bechtelar,02/20/1980
,Hand,asuncion@shields.com,10/05/1986
Marlin,Schiller,,13/13/1960
Geoffrey,Raynor,leonida@bergstromnikolaus.info,01/01/1982
Tam,Muller,reena@wintheiser.com,12/08/1975
,McGlynn,leonard@kovacekhickle.ca,01/15/1978
Vonnie,Kreiger,erick@flatleydouglas.com,01/30/1962
Leilani,Feeney,,07/26/1988
Charla,Bode,,06/02/1961
Kathi,Yundt,jani_schmeler@ohara.com,10/05/1977
Everette,Spencer,beverley_cremin@ryanohara.co.uk,08/14/1962
Dave,,shondra.barton@thompson.us,13/28/1974
Kathey,,lilli@brekke.info,05/26/1966
Altagracia,Marvin,,01/16/1973
,Glover,venetta@baumbachschneider.name,06/27/1976
,Hahn,coral@hodkiewicz.us,04/30/1964
,Herman,gearldine@kihn.co.uk,13/23/1967
Erin,Doyle,Doyle,08/24/1960
Giselle,Daniel,Daniel,02/18/1963
Socorro,,jane_hane@quitzon.ca,06/18/1972
,Purdy,kit_walker@smithammcglynn.ca,06/16/1979
Jack,Reichel,donald.keebler@parker.ca,13/09/1972
Thersa,Johns,kali@langworthbeatty.info,12/12/1976
Franklyn,Oberbrunner,bong@botsford.co.uk,09/25/1977
Ernest,Jewess,Jewess,07/21/1965
Shirley,,shelley_ward@fritsch.info,10/05/1967
Jade,Walter,hayley@dickinson.us,06/17/1984
Chung,Cole,salome_okuneva@hilpertschneider.us,06/19/1979
Jutta,Howell,,08/19/1978
Gerald,Cartwright,siobhan@howelldeckow.ca,09/18/1977
Chrissy,Pacocha,,04/14/1962
Bess,Feeney,Feeney,13/08/1971
Adele,,mara_paucek@thompson.com,02/14/1976
Hana,Schmeler,maragaret@kulasmertz.com,06/25/1972
Ellamae,Schiller,Schiller,07/11/1984
,Schamberger,,01/04/1977
Golda,,brenton@russel.biz,01/11/1971
Elaina,Barrows,zetta@franeckiokon.us,12/15/1967
Asuncion,Schulist,drusilla_cruickshank@fisher.co.uk,05/28/1984
Phillis,Schaefer,janee@rogahn.name,04/05/1973
Melvin,,nikita@dooley.name,08/28/1978
Ellen,Walsh,eloisa.nienow@miller.ca,06/26/1971
Kris,Gutkowski,loris@koeppbernier.info,13/06/1962
Bret,Jacobson,barrie.schiller@stoltenbergziemann.name,12/14/1980
Fritz,Mante,cherrie.gleason@brownhilpert.co.uk,06/29/1988
Santiago,Strosin,sydney_krajcik@reillyflatley.com,03/13/1973
,Sanford,letisha@faheylemke.us,04/26/1974
Elenora,,judson.little@ziemannabernathy.com,01/03/1973
Wilhelmina,Kling,leanna_runte@rodriguezlangworth.ca,02/24/1965
Lorena,Murphy,jodie@funk.biz,03/16/1981
Clarence,,donette_kutch@ohara.co.uk,09/08/1980
Lawrence,Reilly,russell_lebsack@volkman.co.uk,06/28/1966
Deonna,Torphy,hedy_kemmer@bodebartell.com,04/08/1963
Rey,Kautzer,amos@nader.com,12/24/1987
Phylis,,,05/21/1977
Crystal,Bernhard,lera@bartolettibernhard.ca,08/20/1961
,Dooley,Dooley,04/12/1988
,Heller,,07/22/1964
Vanetta,Wehner,ellyn@reilly.co.uk,04/24/1967
Clorinda,Farrell,takako@wisoky.co.uk,07/21/1976
Heike,Denesik,corrine@ledner.us,01/13/1972
Shin,O'Keefe,,12/03/1977
,Reilly,nereida_schiller@roberts.info,12/26/1960
,Bednar,reyes@volkman.info,12/11/1982
Summer,Wehner,Wehner,06/06/1987
Catheryn,Armstrong,karole@little.info,06/30/1986
Arianna,Dickinson,lilia@huelsnolan.ca,03/27/1985
,Schinner,shira_kub@zieme.co.uk,02/02/1964
Hilario,Jewess,vanna_mckenzie@kuhnabernathy.name,02/11/1989
Candi,Treutel,pat@runte.co.uk,05/30/1986
Eugena,Leuschke,nathanial@bechtelarfeeney.com,06/09/1984
Tara,Brown,,06/07/1980
Laraine,,shalonda_kerluke@brownschmidt.com,10/30/1962
Letisha,Romaguera,milagros@wintheiserbednar.info,08/13/1988
,O'Conner,nicola@jenkins.co.uk,07/17/1971
Russell,Erdman,,13/11/1963
Krystal,,candie.ferry@upton.co.uk,12/04/1986
Wilhemina,,robbie@zboncak.com,05/23/1962
Leia,Walker,nancy.schinner@hills.us,10/30/1981
,Morissette,Morissette,03/22/1986
Annamaria,Ernser,angle_johnston@barrows.info,02/02/1989
Larraine,Aufderhar,bee@bogisichaltenwerth.us,13/03/1963
Christi,Beatty,ericka.lind@willeichmann.us,10/02/1988
Marti,Legros,,10/09/1964
Chantell,Orn,rosalva.shields@veum.biz,06/01/1963
Rosalva,Wolf,danica@jewess.com,12/09/1967
Haydee,Jacobson,,07/22/1968
Doretta,Brakus,evita_fadel@cormier.com,11/27/1978
Soraya,Turner,kimbra_collins@veum.ca,05/12/1987
,Johnston,ross@schmelerlemke.name,13/16/1971
Julian,Gorczany,Gorczany,07/26/1967
Tenesha,Yundt,Yundt,03/31/1985
Jaunita,Nicolas,alishia@white.biz,09/06/1984
Josue,Robel,agnus@kunzebecker.com,11/05/1970
Della,Wehner,ira_howe@stoltenberg.ca,01/05/1978
,Nitzsche,ruthanne@block.us,01/31/1972
,Bernier,leonel.ward@hoppe.us,03/21/1971
Daniell,Graham,Graham,11/11/1967
,,,13/17/1989
Melanie,Schuster,tod.koss@heller.biz,12/20/1968
Serita,Pfannerstill,,05/02/1974
Robin,Grant,aurea@schmidt.us,06/10/1965
,Kreiger,shanel@jenkins.com,12/17/1969
Curt,Howe,allyson.thiel@gibson.us,01/26/1972
Mathew,Rodriguez,mallie.crist@blick.co.uk,13/19/1969
Masako,Yundt,margaretta@tromppouros.us,08/15/1984
Ignacia,Heathcote,Heathcote,08/07/1962
Rubie,Konopelski,edgar_lang@jewess.com,03/08/1977
Tabetha,Marvin,,10/28/1981
Trudi,,,13/08/1974
Min,White,cher@rowecarter.com,13/06/1972
Eldon,Mitchell,azucena@rueckerhegmann.co.uk,09/25/1965
Carolynn,,,01/04/1977
,Lebsack,mirta@bayer.name,08/16/1977
Misti,,,09/08/1962
Dennise,,donovan_hintz@klingconsidine.co.uk,07/26/1987
Anabel,Kessler,jasmine@shanahan.co.uk,03/19/1962
Synthia,,keven_feil@morissette.com,07/31/1980
Corrina,Thiel,wilbur_bahringer@beattytorp.info,06/27/1981
Norris,Daugherty,,10/21/1971
Patti,Lueilwitz,lizabeth_hettinger@murray.info,08/11/1984
Gale,,pearline@hahnbatz.com,10/01/1986
Rudolph,Mayert,herschel@berge.com,11/18/1980
Reyes,Rogahn,,06/24/1971
Cary,Friesen,coralee@boyeroberbrunner.com,04/12/1970
Anastasia,Lang,rosalie_baumbach@beerpfeffer.com,13/07/1986
Hue,Kub,,06/09/1976
Quiana,Roob,mel@brownziemann.name,07/12/1965
Augustine,,samual@kshlerinlowe.us,13/11/1966
Tisa,Lockman,clara@cronawiza.info,12/20/1974
Madaline,Cassin,carl_sporer@padbergmarvin.ca,07/10/1976
,,riley.treutel@crooksroob.ca,03/18/1977
,Moen,Moen,02/18/1982
Nedra,Marquardt,junior.wintheiser@marksfunk.ca,13/30/1976
Monte,Kirlin,reena@lesch.ca,11/11/1975
,Funk,catherin@altenwerthharvey.us,03/09/1979
Catarina,Greenfelder,idell.haley@nikolaus.ca,13/03/1972
Priscila,,xavier_franecki@damore.name,01/24/1970
Jazmin,Moen,manuela.deckow@okunevaheathcote.ca,08/25/1983
Torie,Labadie,kyle@romagueraboyle.biz,12/15/1985
Viva,Funk,hobert@kassulke.co.uk,13/25/1965
Robbin,Crona,vinnie@wuckertfeest.com,05/05/1980
,Kub,carlita@herman.co.uk,12/25/1982
Fatimah,Leuschke,stefani_swaniawski@kulaskoepp.name,10/12/1987
Octavio,Gusikowski,alisha_williamson@williamson.co.uk,04/06/1961
Vasiliki,Thompson,mario.keeling@gutkowskipacocha.co.uk,04/16/1976
Wilton,Bednar,mireya@ritchiehuel.co.uk,04/19/1975
Ena,Flatley,Flatley,03/15/1976
Renea,Herman,kermit_satterfield@powlowski.ca,04/05/1976
Shawnee,Greenholt,victor.damore@schustermitchell.ca,12/13/1986
,,jarod@erdman.co.uk,10/04/1975
Rachelle,Gorczany,jeffrey@koelpinleffler.co.uk,09/13/1974
Shavon,Daniel,,07/05/1980
Brittny,Jerde,,13/06/1978
Graig,Keeling,dannie@reinger.com,05/25/1965
Elina,Parker,,02/26/1971
Ruthann,Stracke,kitty.hackett@hudson.biz,10/09/1965
Charlsie,Fadel,thea.hand@hudsonbecker.ca,01/16/1981
Winnie,Parker,herb@carter.name,10/24/1976
Huong,Batz,,12/19/1981
Janise,,treva@rohan.us,02/11/1986
Josefina,,bethanie_hermiston@stokes.name,11/27/1967
Kraig,Hilpert,britany@bode.info,13/29/1975
Jarrod,Maggio,booker.cronin@smitham.ca,04/14/1985
,Bernier,silas@prosaccoanderson.ca,09/02/1963
Charmaine,Crooks,hildegard.cole@kunde.com,09/15/1961
Marcy,Luettgen,christinia_ernser@paucek.info,01/08/1983
William,Steuber,verena@lebsack.biz,13/21/1989
,Torp,,10/12/1967
Cleopatra,,beau.grady@funkhilpert.biz,05/09/1983
Christy,Wisoky,chelsie.feeney@lubowitzsauer.name,03/28/1962
Dario,Torp,ena_kilback@quitzon.us,01/30/1990
Howard,Hegmann,Hegmann,01/30/1989
Madalyn,Hettinger,,13/11/1971
Jonnie,Waelchi,nieves_russel@feeney.com,10/24/1977
Shiela,Paucek,,04/13/1984
Francine,,lang.quitzon@terry.com,02/17/1980
Mae,Gleason,,04/28/1989
Mirella,Turner,maurice.paucek@watsica.biz,07/04/1978
Brad,Cormier,kenda.dicki@hermistonbernier.us,10/12/1984
Sheba,,gerald@douglasbrown.com,02/08/1961
,,chassidy_ankunding@gaylordmurray.co.uk,01/28/1983
Erlene,Lowe,maya@jacobi.co.uk,04/19/1981
Telma,Mills,august.trantow@greenfelder.co.uk,13/23/1966
Jasper,,,12/24/1964
Ophelia,,,09/08/1984
Brett,Rempel,etha_mayert@carter.info,01/06/1973
,,inell@cummerata.ca,05/19/1980
Merlyn,Orn,fernande_gulgowski@rempelnikolaus.us,09/12/1973
Morton,Aufderhar,,04/29/1960
Aubrey,Lubowitz,,12/02/1989
Kirstin,Turner,aubrey@gibson.us,01/20/1988
Wes,Lang,julienne@rempel.co.uk,09/20/1988
Caitlin,Wehner,lashawnda@mayert.ca,13/05/1974
Wesley,Ondricka,margareta@lockman.info,13/27/1968
Darnell,Hammes,hester_bartell@dare.com,11/27/1961
Temple,Hoppe,jaleesa@kihn.info,13/29/1988
Carmon,Pouros,cheyenne@skiles.biz,11/29/1973
,Johnson,,03/10/1960
Eleanor,Kshlerin,,11/22/1962
Laureen,Hilpert,darwin@kuhn.name,12/16/1985
,Reichel,paul@jacobson.info,02/16/1968
Aline,Metz,Metz,12/06/1988
Kimberly,Block,deidra@gislasondoyle.biz,11/27/1968
Shamika,,ricky@koepp.com,05/23/1968
,Tillman,tiesha@mcclure.biz,09/10/1961
,Paucek,raul@beckerrosenbaum.biz,11/01/1982
Bernita,,,12/16/1973
Noelle,Lowe,rochelle@rau.co.uk,03/17/1984
Jeri,,,10/05/1976
Tama,Zulauf,,03/08/1985
Johnette,Grant,neely.spinka@gerlachhane.co.uk,10/29/1973
,,lila_gutmann@labadie.ca,13/26/1966
Sherri,Eichmann,tomeka_pollich@waters.biz,13/27/1963
Raymond,Bosco,elaina.homenick@hudsonboyer.name,11/07/1967
Dia,Keebler,vanda_marks@vonrueden.biz,12/15/1985
Tory,Haag,Haag,07/05/1966
Duncan,Williamson,roni_hayes@hudsonkuhic.ca,06/20/1975
Albertine,Kshlerin,ileana@christiansen.biz,12/05/1989
,Bailey,damian@bayer.com,05/03/1970
Kaci,Mueller,teodoro@schimmel.info,07/09/1979
Sanda,,,05/21/1980
Fern,Dickinson,terese.reichert@fay.biz,03/08/1965
Violeta,Hansen,gordon_ziemann@moore.name,12/15/1979
Bertie,,hilma_purdy@thielheathcote.co.uk,02/16/1973
,Bernier,serena@mcclure.co.uk,09/28/1984
Thu,Veum,guy_bartell@stracke.com,08/19/1978
Francene,Thiel,,03/25/1966
Josefa,Parisian,Parisian,01/09/1970
Kacey,Champlin,Champlin,13/15/1981
Jenelle,Ullrich,,12/06/1973
Kyong,White,francina@hirthe.name,11/05/1989
Antonina,Swaniawski,josephina@dickensrunolfsson.name,03/31/1988
Cinda,Renner,,03/15/1965
Mellisa,Moen,derick.wehner@harriskrajcik.info,09/20/1988
Shella,Hayes,betsey@russel.biz,11/17/1972
,,,05/17/1980
Alethia,Ratke,,04/09/1985
,Ankunding,alethea@block.com,13/10/1969
Gerald,Marks,brandie@towne.us,03/30/1963
Laveta,Wilderman,sharita.jacobs@lockmanroberts.name,06/05/1962
Everette,Jaskolski,Jaskolski,01/08/1967
Gonzalo,Lynch,breana_lowe@mosciskicartwright.info,04/07/1970
Donte,,,04/16/1962
Marissa,Mayer,,07/25/1966
Elizabet,,,05/29/1961
Anita,Ernser,jan_davis@rohanschuster.ca,08/02/1980
Bessie,Hills,,04/04/1983
Tiana,Rippin,lisa_grimes@yundt.us,05/02/1979
Lynne,Reilly,leeanne@spencer.biz,04/04/1976
Marvel,Borer,Borer,11/14/1960
Bobbi,Predovic,clarice@johnsonmiller.name,13/09/1961
Jayne,Howe,josh_bailey@kub.com,06/07/1977
Annetta,Abbott,,11/07/1979
Ima,Harvey,,02/01/1981
Larisa,Grant,breanne@boehmflatley.us,13/18/1966
Jae,Gleason,america@block.co.uk,10/06/1972
Minda,Zulauf,miguel.jacobs@gaylord.name,07/26/1980
Vivian,Stark,,03/15/1963
Maryjo,Glover,frieda@breitenberg.co.uk,12/11/1983
Elena,,,08/28/1978
Deeann,Koss,karie@murray.us,11/11/1982
Vernetta,Jaskolski,virgilio_bergnaum@feest.name,10/11/1983
Lupita,Beer,emmanuel_kassulke@blanda.info,07/24/1969
Madeleine,Feeney,,06/04/1961
Edmundo,,alona@durganoga.com,08/05/1964
Tobias,Gleichner,,03/25/1966
Neida,Kihn,melody@stamm.co.uk,03/31/1969
Tammi,Lubowitz,Lubowitz,13/23/1988
Tyron,Cruickshank,narcisa.wisozk@fadel.info,05/26/1976
Anderson,Effertz,karolyn.bechtelar@bogisichswaniawski.biz,10/31/1985
Roxann,,,04/03/1986
Latashia,Crist,nancee.watsica@gradytorphy.co.uk,06/26/1983
Eloisa,King,ira_mertz@gottlieb.com,12/23/1980
Lady,Ritchie,michel@balistreri.name,04/30/1971
Myrna,Lebsack,pamula@conroytrantow.us,08/20/1978
Charley,,gabrielle@johnson.us,07/17/1960
,,meghann.mcclure@robelbecker.info,05/26/1979
Bernice,,luciana@boyer.biz,09/04/1961
Cornelia,,richie_schmidt@howebeer.biz,07/01/1963
Leo,Bode,gabriella.bednar@ledner.us,01/06/1971
,Hintz,wilma@macejkovicanderson.biz,11/22/1974
Kymberly,,zelma.abernathy@considinehayes.ca,07/28/1973
Carma,,rutha.bernhard@ondricka.us,13/13/1984
Ammie,Muller,Muller,10/02/1980
Paul,Medhurst,Medhurst,08/05/1975
Ma,Okuneva,jerald@schumm.name,11/18/1965
Jeannette,Kling,Kling,13/11/1962
Exie,Jaskolski,stacy_hudson@littlekemmer.co.uk,08/13/1969
Shanta,Lang,carlena@gleichnerhegmann.ca,03/25/1983
Ryann,Lueilwitz,samual@johnswyman.name,01/05/1964
Harvey,,fredda@rath.info,07/19/1963
Antone,Langosh,gaylord@kiehn.name,03/17/1961
,Kemmer,,06/12/1979
Shannon,Reynolds,cordell@metzjacobs.name,03/14/1973
Loreen,Torp,son@kulas.us,11/17/1972
Milford,Miller,dannette@beier.ca,10/14/1963
Ariane,Williamson,bernardine@nicolas.com,13/11/1962
Peg,Oberbrunner,leonore.koss@anderson.ca,07/11/1975
Lorrie,,,08/04/1967
Anjelica,Kessler,charlsie@hahn.co.uk,01/03/1982
Trina,Bernhard,bettyann@hartmann.biz,03/05/1981
Sherwood,Corwin,ciara@mulleryost.name,13/29/1989
Luis,Hilpert,mckenzie.okon@schowalterhermiston.co.uk,01/25/1975
Werner,Metz,augusta@paucekkeeling.biz,12/14/1965
Hobert,,,09/26/1989
,Huel,,06/27/1970
Armida,O'Kon,georgia_bode@ullrich.us,09/29/1983
,Larson,diann_stoltenberg@blanda.ca,10/30/1984
,Boyle,,01/08/1962
Florrie,Zboncak,chanda_glover@bergstrom.com,07/13/1975
Laci,Mosciski,georgann.harvey@eichmannschulist.us,01/19/1981
Ella,Schmitt,kiley@rodriguez.ca,05/28/1989
Bernardine,Sanford,shelby.goyette@wehner.ca,13/09/1980
Delila,Abbott,sanjuanita@kuhlman.biz,13/29/1986
Jenifer,Emmerich,gennie.kuhn@gleason.ca,12/24/1965
,Bosco,deloras@krajcikrempel.biz,01/30/1990
Leisa,Morar,lindsay_tromp@corkery.ca,09/18/1961
Karon,,signe@ryan.name,01/02/1972
Wilda,Conroy,emmanuel@dubuque.ca,03/13/1973
Lovie,Donnelly,kathern_cruickshank@reilly.co.uk,01/16/1971
Jerrold,Hane,debera.satterfield@ondrickakris.ca,09/09/1978
Alyssa,Rice,Rice,13/17/1973
Brittanie,,jessenia@runolfsdottir.biz,03/09/1970
,Macejkovic,sibyl.oreilly@walter.ca,07/08/1961
Elois,,angelique_windler@pacocha.co.uk,13/19/1987
,Crist,,12/23/1975
Anastasia,Balistreri,alison@altenwerthjohnson.name,05/22/1988
Isaiah,Bosco,alia@koss.info,08/30/1982
Jacinda,Schultz,paula@volkmanwisozk.info,07/06/1968
Doloris,Wintheiser,sylvia@moore.com,13/14/1979
Cristin,Greenholt,frederica.ferry@hauckdavis.com,07/28/1968
Charise,Buckridge,,02/27/1960
Deangelo,Yundt,jerome@lindgren.us,11/19/1977
Sherlene,Mertz,slyvia@schamberger.name,08/03/1965
,Hettinger,tonette@nikolaus.biz,13/23/1970
,Kuhlman,kesha@larson.co.uk,12/18/1979
Orpha,Nicolas,alfonso_davis@brownschinner.biz,04/25/1973
Monique,Franecki,tambra.jast@aufderhar.co.uk,12/26/1986
,Schiller,augustine_luettgen@rutherfordhilpert.com,12/10/1965
Theda,,jaclyn@kihn.us,02/26/1977
,O'Connell,zella@shanahan.com,09/06/1970
Maya,Kessler,elin.hoppe@adams.biz,06/22/1962
,Kris,,12/12/1987
,Boehm,merlyn@gorczanystoltenberg.us,06/23/1962
Cyrstal,Feeney,Feeney,12/03/1980
Lasonya,,deborah.rolfson@larsonturcotte.us,06/24/1986
Socorro,Gibson,Gibson,03/09/1978
Zachery,,jody_johnston@kozey.biz,06/03/1963
Oscar,Kerluke,anderson@ankunding.info,02/05/1966
Yun,Connelly,estelle@muller.info,01/19/1974
Whitney,,kourtney_renner@borer.co.uk,02/11/1963
Kathrine,Cassin,,06/18/1964
Analisa,Jaskolski,ryann_keebler@gulgowski.biz,12/19/1971
Dorinda,Hoppe,,07/01/1976
Kiana,Hagenes,domenic@emard.ca,13/20/1961
Rowena,O'Hara,xiomara.gleichner@parker.com,03/08/1967
Nola,Cronin,concepcion.rippin@croninboyer.us,13/13/1964
Wendell,Kiehn,guadalupe.veum@shanahan.name,11/10/1985
Trinidad,Mohr,marin.smitham@dach.name,11/17/1966
,Anderson,santina.wilderman@koepp.ca,02/09/1962
Charles,Sawayn,ma@westhirthe.ca,03/31/1965
Ashlie,Howe,beulah@keeling.biz,05/27/1970
Alfreda,McKenzie,corinna_macejkovic@morar.us,08/28/1962
Glory,Turner,Turner,08/10/1967
Blondell,Cummings,edward@yost.name,07/01/1969
,Hintz,lakita_strosin@haag.name,08/18/1967
Kenisha,Altenwerth,craig@beier.co.uk,07/10/1974
Martine,,anette_robel@marquardtcorkery.biz,04/02/1978
,Schumm,jesus.hartmann@hane.com,11/03/1962
,Wunsch,lilian.konopelski@johnson.com,05/02/1969
Terry,Yundt,Yundt,03/18/1983
Kathe,Halvorson,nikole@kuhn.com,03/13/1977
Georgiann,Fay,karly@franecki.ca,02/20/1962
Karren,Ernser,carlee@west.info,09/17/1987
Pam,Trantow,nicky.bergnaum@ebert.us,10/26/1960
Katharina,,sherry_tremblay@berge.co.uk,06/10/1962
Annabell,Kshlerin,lauren.gutkowski@harber.co.uk,13/26/1989
Alva,,johana.prosacco@weissnat.co.uk,12/14/1988
Carri,Kling,genevie@kertzmann.biz,11/26/1977
Reiko,Satterfield,jasmin_mohr@schiller.ca,03/20/1983
,Spinka,jeramy_keeling@beier.ca,01/31/1964
Iliana,Balistreri,kip_abbott@heller.com,02/18/1973
,,sena.mante@sporer.com,03/01/1970
,Cruickshank,valentin.christiansen@gerhold.com,10/04/1974
Jake,Gottlieb,sarah@kundeziemann.us,10/03/1973
Louie,Doyle,gidget.gorczany@considinerath.com,13/03/1984
Marilyn,Satterfield,bobbie_spencer@konopelskilang.info,07/07/1984
